{"initial_reset_timestamp": 1569218531.5805862, "timestamps": [1569218533.2128127, 1569218538.7712152, 1569218539.0285265, 1569218539.2210119, 1569218539.4164891, 1569218540.6546862, 1569218541.5044296, 1569218541.7388027, 1569218541.9797504, 1569218542.1919227, 1569218543.4046788, 1569218544.2410204, 1569218544.4723988, 1569218544.66488, 1569218544.8563712, 1569218546.0621462, 1569218546.9010077, 1569218547.134384, 1569218547.3248699, 1569218547.5193589, 1569218548.7276835, 1569218549.567117, 1569218549.800473, 1569218549.9899752, 1569218550.179467, 1569218551.3963416, 1569218552.2430785, 1569218552.5294757, 1569218552.7378993, 1569218552.9373662, 1569218554.159103, 1569218555.0034356, 1569218555.2358172, 1569218555.4253132, 1569218555.6168013, 1569218556.8181465, 1569218557.660892, 1569218557.89327, 1569218558.084758, 1569218558.2752483, 1569218559.485013, 1569218560.3217838, 1569218560.5561485, 1569218560.7476363, 1569218560.9411201, 1569218562.1574254, 1569218563.0007317, 1569218563.2352211, 1569218563.4247174, 1569218563.6162047], "episode_lengths": [390, 272, 75, 61, 62, 390, 272, 75, 61, 62, 390, 272, 75, 61, 62, 390, 272, 75, 61, 62, 390, 272, 75, 61, 62, 390, 272, 75, 61, 62, 390, 272, 75, 61, 62, 390, 272, 75, 61, 62, 390, 272, 75, 61, 62, 390, 272, 75, 61, 62], "episode_rewards": [10.0, 8.0, 3.0, 2.0, 2.0, 10.0, 8.0, 3.0, 2.0, 2.0, 10.0, 8.0, 3.0, 2.0, 2.0, 10.0, 8.0, 3.0, 2.0, 2.0, 10.0, 8.0, 3.0, 2.0, 2.0, 10.0, 8.0, 3.0, 2.0, 2.0, 10.0, 8.0, 3.0, 2.0, 2.0, 10.0, 8.0, 3.0, 2.0, 2.0, 10.0, 8.0, 3.0, 2.0, 2.0, 10.0, 8.0, 3.0, 2.0, 2.0], "episode_types": ["t", "t", "t", "t", "t", "t", "t", "t", "t", "t", "t", "t", "t", "t", "t", "t", "t", "t", "t", "t", "t", "t", "t", "t", "t", "t", "t", "t", "t", "t", "t", "t", "t", "t", "t", "t", "t", "t", "t", "t", "t", "t", "t", "t", "t", "t", "t", "t", "t", "t"]}