{"initial_reset_timestamp": 1593901972.3680525, "timestamps": [1593901993.2617054, 1593902012.7417548, 1593902014.0113304, 1593902014.9474037, 1593902016.137315, 1593902017.0678148, 1593902018.2745883, 1593902019.1876504, 1593902038.7573233, 1593902039.7706, 1593902040.9708998, 1593902041.9063964, 1593902043.0787866, 1593902044.0043101, 1593902045.2195666, 1593902046.2134135, 1593902047.4551115, 1593902048.410568, 1593902049.6253464, 1593902050.5807629, 1593902051.83542, 1593902052.783882, 1593902053.9946828, 1593902054.943118, 1593902056.13195, 1593902057.0514903, 1593902058.2977037], "episode_lengths": [1000, 1000, 1000, 1000, 1000, 1000, 1000, 1000, 1000, 1000, 1000, 1000, 1000, 1000, 1000, 1000, 1000, 1000, 1000, 1000, 1000, 1000, 1000, 1000, 1000, 1000, 1000], "episode_rewards": [-60.885460029637265, -6.799116055193069, -28.168069099301547, -22.349393026076008, -25.01298657459206, -26.901688224090936, -26.390879032115755, -22.559802911937485, -28.372426401535684, -23.979059309321066, -32.9122818298763, -21.821204383354434, -30.081119415346535, -24.07621028730352, -26.20142214205248, -27.698815278147244, -33.749433200732334, -28.3338819955709, -27.909441312550694, -20.69310210661008, -10.09256983332914, -24.224585031099878, -26.546463135451038, -27.689011236755512, -21.62017237535883, -31.42288010165115, -2.6864171519270026], "episode_types": ["t", "t", "t", "t", "t", "t", "t", "t", "t", "t", "t", "t", "t", "t", "t", "t", "t", "t", "t", "t", "t", "t", "t", "t", "t", "t", "t", "t"]}