{"initial_reset_timestamp": 1593901779.7372932, "timestamps": [1593901801.105859, 1593901820.2187965, 1593901821.515696, 1593901822.479104, 1593901823.637244, 1593901824.5921674, 1593901825.7630355, 1593901826.7414317], "episode_lengths": [1000, 1000, 1000, 1000, 1000, 1000, 1000, 1000], "episode_rewards": [-41.671990530773954, -35.3640920516502, -32.16089113497764, -27.77147054296469, -28.824739232705998, -12.991976818396221, -27.97298091277566, -25.970584628478875], "episode_types": ["t", "t", "t", "t", "t", "t", "t", "t", "t"]}