{"initial_reset_timestamp": 1593901523.45448, "timestamps": [1593901546.7867858, 1593901566.0106537, 1593901732.3213818, 1593901733.2269595], "episode_lengths": [1000, 1000, 1000, 1000], "episode_rewards": [-31.52956159726824, -30.604856124117404, -34.91606193795904, -33.99440143553296], "episode_types": ["t", "t", "t", "t", "t"]}